greenmass,prediction
0.8,-0.062400
1.0,-0.374600
1.2,0.918300
1.1,0.851400
1.4,1.043000
1.2,1.496800
2.2,2.144000
1.9,1.467800
0.9,0.637200
0.6,0.454300
0.55,1.000300
1.24,1.134800
0.98,0.980000
1.5,1.015800
1.3,1.106600
0.68,0.578600
0.71,0.885000
