greenmass,prediction
0.8,0.159800
1.0,-0.162000
1.2,1.170700
1.1,1.101800
1.4,1.299100
1.2,1.766800
2.2,2.435500
1.9,1.738500
0.9,0.882400
0.6,0.693900
0.55,0.692900
1.24,1.123300
0.98,0.980000
1.5,1.068300
1.3,0.970700
0.68,0.920900
0.71,1.065700
